title,link,published
edit,https://en.wikipedia.orghttps://en.wikipedia.org/w/index.php?title=Portal:Current_events/2025_September_9&action=edit&editintro=Portal:Current_events/Edit_instructions,2025-09-09 15:58:04.216779
history,https://en.wikipedia.orghttps://en.wikipedia.org/w/index.php?title=Portal:Current_events/2025_September_9&action=history,2025-09-09 15:58:04.216779
watch,https://en.wikipedia.orghttps://en.wikipedia.org/w/index.php?title=Portal:Current_events/2025_September_9&action=watch,2025-09-09 15:58:04.216779
Gaza war,https://en.wikipedia.org/wiki/Gaza_war,2025-09-09 15:58:04.216779
2025 Gaza City offensive,https://en.wikipedia.org/wiki/2025_Gaza_City_offensive,2025-09-09 15:58:04.216779
Israeli Defense Forces,https://en.wikipedia.org/wiki/Israeli_Defense_Forces,2025-09-09 15:58:04.216779
Israeli strike on Hamas headquarters in Qatar,https://en.wikipedia.org/wiki/Israeli_strike_on_Hamas_headquarters_in_Qatar,2025-09-09 15:58:04.216779
Israeli Air Force,https://en.wikipedia.org/wiki/Israeli_Air_Force,2025-09-09 15:58:04.216779
Russian invasion of Ukraine,https://en.wikipedia.org/wiki/Russian_invasion_of_Ukraine,2025-09-09 15:58:04.216779
Attacks on civilians in the Russian invasion of Ukraine,https://en.wikipedia.org/wiki/Attacks_on_civilians_in_the_Russian_invasion_of_Ukraine,2025-09-09 15:58:04.216779
Russian,https://en.wikipedia.org/wiki/Russian_Armed_Forces,2025-09-09 15:58:04.216779
2025 Nepalese Gen Z protests,https://en.wikipedia.org/wiki/2025_Nepalese_Gen_Z_protests,2025-09-09 15:58:04.216779
Nepalese,https://en.wikipedia.org/wiki/Nepal,2025-09-09 15:58:04.216779
Federal Parliament,https://en.wikipedia.org/wiki/Federal_Parliament_of_Nepal,2025-09-09 15:58:04.216779
Foreign minister,https://en.wikipedia.org/wiki/Minister_of_Foreign_Affairs_(Nepal),2025-09-09 15:58:04.216779
finance minister,https://en.wikipedia.org/wiki/Ministry_of_Finance_(Nepal),2025-09-09 15:58:04.216779
Ram Chandra Poudel,https://en.wikipedia.org/wiki/Ram_Chandra_Poudel,2025-09-09 15:58:04.216779
Nakhu Jail,https://en.wikipedia.org/wiki/Nakhu_Jail,2025-09-09 15:58:04.216779
Tribhuvan International Airport,https://en.wikipedia.org/wiki/Tribhuvan_International_Airport,2025-09-09 15:58:04.216779
arson,https://en.wikipedia.org/wiki/Arson,2025-09-09 15:58:04.216779
Swedish,https://en.wikipedia.org/wiki/Sweden,2025-09-09 15:58:04.216779
Thai,https://en.wikipedia.org/wiki/Thailand,2025-09-09 15:58:04.216779
2025 Indian vice presidential election,https://en.wikipedia.org/wiki/2025_Indian_vice_presidential_election,2025-09-09 15:58:04.216779
Vice President of India,https://en.wikipedia.org/wiki/Vice_President_of_India,2025-09-09 15:58:04.216779
C.P. Radhakrishnan,https://en.wikipedia.org/wiki/C.P._Radhakrishnan,2025-09-09 15:58:04.216779
Ethiopia,https://en.wikipedia.org/wiki/Ethiopia,2025-09-09 15:58:04.216779
edit,https://en.wikipedia.orghttps://en.wikipedia.org/w/index.php?title=Portal:Current_events/2025_September_8&action=edit&editintro=Portal:Current_events/Edit_instructions,2025-09-09 15:58:04.220498
history,https://en.wikipedia.orghttps://en.wikipedia.org/w/index.php?title=Portal:Current_events/2025_September_8&action=history,2025-09-09 15:58:04.220498
watch,https://en.wikipedia.orghttps://en.wikipedia.org/w/index.php?title=Portal:Current_events/2025_September_8&action=watch,2025-09-09 15:58:04.220498
Israeli–Palestinian conflict,https://en.wikipedia.org/wiki/Israeli%E2%80%93Palestinian_conflict,2025-09-09 15:58:04.220498
Israeli soldiers,https://en.wikipedia.org/wiki/Israeli_Ground_Forces,2025-09-09 15:58:04.220498
Palestinian political violence,https://en.wikipedia.org/wiki/Palestinian_political_violence,2025-09-09 15:58:04.220498
2025 Ramot Junction shooting,https://en.wikipedia.org/wiki/2025_Ramot_Junction_shooting,2025-09-09 15:58:04.220498
mass shooting,https://en.wikipedia.org/wiki/Mass_shooting,2025-09-09 15:58:04.220498
War in the Sahel,https://en.wikipedia.org/wiki/War_in_the_Sahel,2025-09-09 15:58:04.220498
Mali war,https://en.wikipedia.org/wiki/Mali_war,2025-09-09 15:58:04.220498
Jama'at Nasr al-Islam wal Muslimin,https://en.wikipedia.org/wiki/Jama%27at_Nasr_al-Islam_wal_Muslimin,2025-09-09 15:58:04.220498
Malian army,https://en.wikipedia.org/wiki/Malian_Armed_Forces,2025-09-09 15:58:04.220498
Police,https://en.wikipedia.org/wiki/Nepal_Police,2025-09-09 15:58:04.220498
Ramesh Lekhak,https://en.wikipedia.org/wiki/Ramesh_Lekhak,2025-09-09 15:58:04.220498
Ministry of Information and Communications,https://en.wikipedia.org/wiki/Ministry_of_Information_and_Communications_(Nepal),2025-09-09 15:58:04.220498
Israel–Hezbollah conflict,https://en.wikipedia.org/wiki/Israel%E2%80%93Hezbollah_conflict_(2023%E2%80%93present),2025-09-09 15:58:04.220498
airstrikes,https://en.wikipedia.org/wiki/Airstrike,2025-09-09 15:58:04.220498
Succession of Rupert Murdoch,https://en.wikipedia.org/wiki/Succession_of_Rupert_Murdoch,2025-09-09 15:58:04.220498
children,https://en.wikipedia.org/wiki/Murdoch_family#Fourth_generation,2025-09-09 15:58:04.220498
double-decker bus,https://en.wikipedia.org/wiki/Double-decker_bus,2025-09-09 15:58:04.220498
Belarus–Czech Republic relations,https://en.wikipedia.org/wiki/Belarus%E2%80%93Czech_Republic_relations,2025-09-09 15:58:04.220498
Czech Republic,https://en.wikipedia.org/wiki/Czech_Republic,2025-09-09 15:58:04.220498
Israel–Spain relations,https://en.wikipedia.org/wiki/Israel%E2%80%93Spain_relations,2025-09-09 15:58:04.220498
ports,https://en.wikipedia.org/wiki/Port,2025-09-09 15:58:04.220498
Spain,https://en.wikipedia.org/wiki/Spain,2025-09-09 15:58:04.220498
South Korea–United States relations,https://en.wikipedia.org/wiki/South_Korea%E2%80%93United_States_relations,2025-09-09 15:58:04.220498
South Korean,https://en.wikipedia.org/wiki/South_Korea,2025-09-09 15:58:04.220498
Immigration policy of the second Trump administration,https://en.wikipedia.org/wiki/Immigration_policy_of_the_second_Trump_administration,2025-09-09 15:58:04.220498
Deportation in the second Trump administration,https://en.wikipedia.org/wiki/Deportation_in_the_second_Trump_administration,2025-09-09 15:58:04.220498
United States Department of Homeland Security,https://en.wikipedia.org/wiki/United_States_Department_of_Homeland_Security,2025-09-09 15:58:04.220498
E. Jean Carroll v. Donald J. Trump,https://en.wikipedia.org/wiki/E._Jean_Carroll_v._Donald_J._Trump,2025-09-09 15:58:04.220498
United States Court of Appeals for the Second Circuit,https://en.wikipedia.org/wiki/United_States_Court_of_Appeals_for_the_Second_Circuit,2025-09-09 15:58:04.220498
House Oversight Committee,https://en.wikipedia.org/wiki/House_Oversight_Committee,2025-09-09 15:58:04.220498
Frédéric Péchier case,https://en.wikipedia.org/wiki/Fr%C3%A9d%C3%A9ric_P%C3%A9chier_case,2025-09-09 15:58:04.220498
French,https://en.wikipedia.org/wiki/French_people,2025-09-09 15:58:04.220498
Phillips family disappearances,https://en.wikipedia.org/wiki/Phillips_family_disappearances,2025-09-09 15:58:04.220498
kidnapped,https://en.wikipedia.org/wiki/Kidnapping,2025-09-09 15:58:04.220498
2025 Ivorian presidential election,https://en.wikipedia.org/wiki/2025_Ivorian_presidential_election,2025-09-09 15:58:04.220498
Ivory Coast,https://en.wikipedia.org/wiki/Ivory_Coast,2025-09-09 15:58:04.220498
2025 Norwegian parliamentary election,https://en.wikipedia.org/wiki/2025_Norwegian_parliamentary_election,2025-09-09 15:58:04.220498
Norwegians,https://en.wikipedia.org/wiki/Norwegians,2025-09-09 15:58:04.220498
red–green coalition,https://en.wikipedia.org/wiki/Red%E2%80%93green_coalition_(Norway),2025-09-09 15:58:04.220498
2025 Norwegian Sámi parliamentary election,https://en.wikipedia.org/wiki/2025_Norwegian_S%C3%A1mi_parliamentary_election,2025-09-09 15:58:04.220498
Norwegian,https://en.wikipedia.orghttps://simple.wikipedia.org/wiki/S%C3%A1mi_people_of_Norway,2025-09-09 15:58:04.220498
Philippine,https://en.wikipedia.org/wiki/Philippines,2025-09-09 15:58:04.220498
Indonesian,https://en.wikipedia.org/wiki/Indonesia,2025-09-09 15:58:04.220498
French,https://en.wikipedia.org/wiki/France,2025-09-09 15:58:04.220498
Ugandan,https://en.wikipedia.org/wiki/Uganda,2025-09-09 15:58:04.220498
edit,https://en.wikipedia.orghttps://en.wikipedia.org/w/index.php?title=Portal:Current_events/2025_September_7&action=edit&editintro=Portal:Current_events/Edit_instructions,2025-09-09 15:58:04.227440
history,https://en.wikipedia.orghttps://en.wikipedia.org/w/index.php?title=Portal:Current_events/2025_September_7&action=history,2025-09-09 15:58:04.227440
watch,https://en.wikipedia.orghttps://en.wikipedia.org/w/index.php?title=Portal:Current_events/2025_September_7&action=watch,2025-09-09 15:58:04.227440
Israeli invasion of the Gaza Strip,https://en.wikipedia.org/wiki/Israeli_invasion_of_the_Gaza_Strip,2025-09-09 15:58:04.227440
high-rise,https://en.wikipedia.org/wiki/Tower_block,2025-09-09 15:58:04.227440
refugee tents,https://en.wikipedia.org/wiki/Refugee_camp,2025-09-09 15:58:04.227440
Kyiv strikes,https://en.wikipedia.org/wiki/Kyiv_strikes_(2022%E2%80%93present),2025-09-09 15:58:04.227440
drone,https://en.wikipedia.org/wiki/Drone_warfare,2025-09-09 15:58:04.227440
Colombian conflict,https://en.wikipedia.org/wiki/Colombian_conflict,2025-09-09 15:58:04.227440
Colombian soldiers,https://en.wikipedia.org/wiki/National_Army_of_Colombia,2025-09-09 15:58:04.227440
Red Sea crisis,https://en.wikipedia.org/wiki/Red_Sea_crisis,2025-09-09 15:58:04.227440
airspace,https://en.wikipedia.org/wiki/Airspace,2025-09-09 15:58:04.227440
Saints canonized by Pope Leo XIV,https://en.wikipedia.org/wiki/List_of_saints_canonized_by_Pope_Leo_XIV,2025-09-09 15:58:04.227440
Pope Leo XIV,https://en.wikipedia.org/wiki/Pope_Leo_XIV,2025-09-09 15:58:04.227440
Pier Giorgio Frassati,https://en.wikipedia.org/wiki/Pier_Giorgio_Frassati,2025-09-09 15:58:04.227440
Turkish Coast Guard,https://en.wikipedia.org/wiki/Coast_Guard_Command_(Turkey),2025-09-09 15:58:04.227440
Bogor Regency,https://en.wikipedia.org/wiki/Bogor_Regency,2025-09-09 15:58:04.227440
Bad Dürrheim,https://en.wikipedia.org/wiki/Bad_D%C3%BCrrheim,2025-09-09 15:58:04.227440
Leongatha mushroom murders,https://en.wikipedia.org/wiki/Leongatha_mushroom_murders,2025-09-09 15:58:04.227440
life in prison,https://en.wikipedia.org/wiki/Life_in_prison,2025-09-09 15:58:04.227440
Japanese,https://en.wikipedia.org/wiki/Japan,2025-09-09 15:58:04.227440
Guyanese,https://en.wikipedia.org/wiki/Guyana,2025-09-09 15:58:04.227440
Romania,https://en.wikipedia.org/wiki/Romania,2025-09-09 15:58:04.227440
2025 Buenos Aires provincial elections,https://en.wikipedia.org/wiki/2025_Buenos_Aires_provincial_elections,2025-09-09 15:58:04.227440
Javier Milei,https://en.wikipedia.org/wiki/Javier_Milei,2025-09-09 15:58:04.227440
September 2025 lunar eclipse,https://en.wikipedia.org/wiki/September_2025_lunar_eclipse,2025-09-09 15:58:04.227440
lunar eclipse,https://en.wikipedia.org/wiki/Lunar_eclipse,2025-09-09 15:58:04.227440
Microsoft Azure,https://en.wikipedia.org/wiki/Microsoft_Azure,2025-09-09 15:58:04.227440
2025 US Open,https://en.wikipedia.org/wiki/2025_US_Open_(tennis),2025-09-09 15:58:04.227440
tennis,https://en.wikipedia.org/wiki/Tennis,2025-09-09 15:58:04.227440
edit,https://en.wikipedia.orghttps://en.wikipedia.org/w/index.php?title=Portal:Current_events/2025_September_6&action=edit&editintro=Portal:Current_events/Edit_instructions,2025-09-09 15:58:04.231741
history,https://en.wikipedia.orghttps://en.wikipedia.org/w/index.php?title=Portal:Current_events/2025_September_6&action=history,2025-09-09 15:58:04.231741
watch,https://en.wikipedia.orghttps://en.wikipedia.org/w/index.php?title=Portal:Current_events/2025_September_6&action=watch,2025-09-09 15:58:04.231741
Insurgency in Khyber Pakhtunkhwa,https://en.wikipedia.org/wiki/Insurgency_in_Khyber_Pakhtunkhwa,2025-09-09 15:58:04.231741
improvised explosive device,https://en.wikipedia.org/wiki/Improvised_explosive_device,2025-09-09 15:58:04.231741
82nd Venice International Film Festival,https://en.wikipedia.org/wiki/82nd_Venice_International_Film_Festival,2025-09-09 15:58:04.231741
Venice Film Festival,https://en.wikipedia.org/wiki/Venice_Film_Festival,2025-09-09 15:58:04.231741
2025 Pakistan floods,https://en.wikipedia.org/wiki/2025_Pakistan_floods,2025-09-09 15:58:04.231741
Chenab River,https://en.wikipedia.org/wiki/Chenab_River,2025-09-09 15:58:04.231741
Kalika Mata Temple,"https://en.wikipedia.org/wiki/Kalika_Mata_Temple,_Pavagadh",2025-09-09 15:58:04.231741
Karbala Governorate,https://en.wikipedia.org/wiki/Karbala_Governorate,2025-09-09 15:58:04.231741
South Sudan,https://en.wikipedia.org/wiki/South_Sudan,2025-09-09 15:58:04.231741
Gaza war protests in the United Kingdom,https://en.wikipedia.org/wiki/Gaza_war_protests_in_the_United_Kingdom,2025-09-09 15:58:04.231741
Palestine Action,https://en.wikipedia.org/wiki/Palestine_Action,2025-09-09 15:58:04.231741
Chilean,https://en.wikipedia.org/wiki/Chile,2025-09-09 15:58:04.231741
2025 Formula One World Championship,https://en.wikipedia.org/wiki/2025_Formula_One_World_Championship,2025-09-09 15:58:04.231741
2025 Italian Grand Prix,https://en.wikipedia.org/wiki/2025_Italian_Grand_Prix,2025-09-09 15:58:04.231741
auto racing,https://en.wikipedia.org/wiki/Auto_racing,2025-09-09 15:58:04.231741
wheelchair tennis,https://en.wikipedia.org/wiki/Wheelchair_tennis,2025-09-09 15:58:04.231741
Aryna Sabalenka,https://en.wikipedia.org/wiki/Aryna_Sabalenka,2025-09-09 15:58:04.231741
Marcel Granollers,https://en.wikipedia.org/wiki/Marcel_Granollers,2025-09-09 15:58:04.231741
Erin Routliffe,https://en.wikipedia.org/wiki/Erin_Routliffe,2025-09-09 15:58:04.231741
edit,https://en.wikipedia.orghttps://en.wikipedia.org/w/index.php?title=Portal:Current_events/2025_September_5&action=edit&editintro=Portal:Current_events/Edit_instructions,2025-09-09 15:58:04.235323
history,https://en.wikipedia.orghttps://en.wikipedia.org/w/index.php?title=Portal:Current_events/2025_September_5&action=history,2025-09-09 15:58:04.235323
watch,https://en.wikipedia.orghttps://en.wikipedia.org/w/index.php?title=Portal:Current_events/2025_September_5&action=watch,2025-09-09 15:58:04.235323
Gaza war hostage crisis,https://en.wikipedia.org/wiki/Gaza_war_hostage_crisis,2025-09-09 15:58:04.235323
Hamas,https://en.wikipedia.org/wiki/Hamas,2025-09-09 15:58:04.235323
Kivu conflict,https://en.wikipedia.org/wiki/Kivu_conflict,2025-09-09 15:58:04.235323
M23 campaign,https://en.wikipedia.org/wiki/M23_campaign_(2022%E2%80%93present),2025-09-09 15:58:04.235323
United Nations Human Rights Office,https://en.wikipedia.org/wiki/United_Nations_Human_Rights_Office,2025-09-09 15:58:04.235323
War on drugs,https://en.wikipedia.org/wiki/War_on_drugs,2025-09-09 15:58:04.235323
Trump administration,https://en.wikipedia.org/wiki/Second_presidency_of_Donald_Trump,2025-09-09 15:58:04.235323
Venezuelan Air Force,https://en.wikipedia.org/wiki/Bolivarian_Military_Aviation_of_Venezuela,2025-09-09 15:58:04.235323
Venezuelan president,https://en.wikipedia.org/wiki/President_of_Venezuela,2025-09-09 15:58:04.235323
Caribbean Airlines,https://en.wikipedia.org/wiki/Caribbean_Airlines,2025-09-09 15:58:04.235323
Anglophone Crisis,https://en.wikipedia.org/wiki/Anglophone_Crisis,2025-09-09 15:58:04.235323
Boko Haram insurgency,https://en.wikipedia.org/wiki/Boko_Haram_insurgency,2025-09-09 15:58:04.235323
soldiers,https://en.wikipedia.org/wiki/Nigerian_Army,2025-09-09 15:58:04.235323
Kidnapping in Nigeria,https://en.wikipedia.org/wiki/Kidnapping_in_Nigeria,2025-09-09 15:58:04.235323
Chinese,https://en.wikipedia.org/wiki/Chinese_people,2025-09-09 15:58:04.235323
Terrorism in India,https://en.wikipedia.org/wiki/Terrorism_in_India,2025-09-09 15:58:04.235323
Ganesh Chaturthi,https://en.wikipedia.org/wiki/Ganesh_Chaturthi,2025-09-09 15:58:04.235323
Uva Province,https://en.wikipedia.org/wiki/Uva_Province,2025-09-09 15:58:04.235323
hippopotamus,https://en.wikipedia.org/wiki/Hippopotamus,2025-09-09 15:58:04.235323
shark attack,https://en.wikipedia.org/wiki/Shark_attack,2025-09-09 15:58:04.235323
2023–2025 mpox epidemic,https://en.wikipedia.org/wiki/2023%E2%80%932025_mpox_epidemic,2025-09-09 15:58:04.235323
World Health Organization,https://en.wikipedia.org/wiki/World_Health_Organization,2025-09-09 15:58:04.235323
Portugal,https://en.wikipedia.org/wiki/Portugal,2025-09-09 15:58:04.235323
China–Pakistan relations,https://en.wikipedia.org/wiki/China%E2%80%93Pakistan_relations,2025-09-09 15:58:04.235323
state visit,https://en.wikipedia.org/wiki/State_visit,2025-09-09 15:58:04.235323
Finland–Latvia relations,https://en.wikipedia.org/wiki/Finland%E2%80%93Latvia_relations,2025-09-09 15:58:04.235323
Finland,https://en.wikipedia.org/wiki/Finland,2025-09-09 15:58:04.235323
Finland–Palestine relations,https://en.wikipedia.org/wiki/Finland%E2%80%93Palestine_relations,2025-09-09 15:58:04.235323
European Commission,https://en.wikipedia.org/wiki/European_Commission,2025-09-09 15:58:04.235323
2025 British cabinet reshuffle,https://en.wikipedia.org/wiki/2025_British_cabinet_reshuffle,2025-09-09 15:58:04.235323
Angela Rayner,https://en.wikipedia.org/wiki/Angela_Rayner,2025-09-09 15:58:04.235323
Prime Minister,https://en.wikipedia.org/wiki/Prime_Minister_of_the_United_Kingdom,2025-09-09 15:58:04.235323
2025 Georgian local elections,https://en.wikipedia.org/wiki/2025_Georgian_local_elections,2025-09-09 15:58:04.235323
Georgian,https://en.wikipedia.org/wiki/Georgia_(country),2025-09-09 15:58:04.235323
2025 Samoan general election,https://en.wikipedia.org/wiki/2025_Samoan_general_election,2025-09-09 15:58:04.235323
FAST,https://en.wikipedia.org/wiki/Fa%CA%BBatuatua_i_le_Atua_Samoa_ua_Tasi,2025-09-09 15:58:04.235323
2025 Thai political crisis,https://en.wikipedia.org/wiki/2025_Thai_political_crisis,2025-09-09 15:58:04.235323
House of Representatives,https://en.wikipedia.org/wiki/House_of_Representatives_(Thailand),2025-09-09 15:58:04.235323
Executive orders in the second Trump presidency,https://en.wikipedia.org/wiki/List_of_executive_orders_in_the_second_Trump_presidency,2025-09-09 15:58:04.235323
U.S. president,https://en.wikipedia.org/wiki/President_of_the_United_States,2025-09-09 15:58:04.235323
AI boom,https://en.wikipedia.org/wiki/AI_boom,2025-09-09 15:58:04.235323
European High-Performance Computing Joint Undertaking,https://en.wikipedia.org/wiki/European_High-Performance_Computing_Joint_Undertaking,2025-09-09 15:58:04.235323
Jupiter,https://en.wikipedia.org/wiki/Jupiter_Booster,2025-09-09 15:58:04.235323
edit,https://en.wikipedia.orghttps://en.wikipedia.org/w/index.php?title=Portal:Current_events/2025_September_4&action=edit&editintro=Portal:Current_events/Edit_instructions,2025-09-09 15:58:04.241120
history,https://en.wikipedia.orghttps://en.wikipedia.org/w/index.php?title=Portal:Current_events/2025_September_4&action=history,2025-09-09 15:58:04.241120
watch,https://en.wikipedia.orghttps://en.wikipedia.org/w/index.php?title=Portal:Current_events/2025_September_4&action=watch,2025-09-09 15:58:04.241120
Israeli bombing of the Gaza Strip,https://en.wikipedia.org/wiki/Israeli_bombing_of_the_Gaza_Strip,2025-09-09 15:58:04.241120
Palestinians,https://en.wikipedia.org/wiki/Palestinians,2025-09-09 15:58:04.241120
2025 Afghanistan earthquake,https://en.wikipedia.org/wiki/2025_Afghanistan_earthquake,2025-09-09 15:58:04.241120
earthquake,https://en.wikipedia.org/wiki/Earthquake,2025-09-09 15:58:04.241120
Vaccination policy of the United States,https://en.wikipedia.org/wiki/Vaccination_policy_of_the_United_States,2025-09-09 15:58:04.241120
Make America Healthy Again,https://en.wikipedia.org/wiki/Make_America_Healthy_Again,2025-09-09 15:58:04.241120
U.S. state,https://en.wikipedia.org/wiki/States_of_the_United_States,2025-09-09 15:58:04.241120
Democratic Republic of the Congo,https://en.wikipedia.org/wiki/Democratic_Republic_of_the_Congo,2025-09-09 15:58:04.241120
Algeria–Mali relations,https://en.wikipedia.org/wiki/Algeria%E2%80%93Mali_relations,2025-09-09 15:58:04.241120
Malian,https://en.wikipedia.org/wiki/Mali,2025-09-09 15:58:04.241120
Belarus–Poland relations,https://en.wikipedia.org/wiki/Belarus%E2%80%93Poland_relations,2025-09-09 15:58:04.241120
Belarus,https://en.wikipedia.org/wiki/Belarus,2025-09-09 15:58:04.241120
Ecuador–United States relations,https://en.wikipedia.org/wiki/Ecuador%E2%80%93United_States_relations,2025-09-09 15:58:04.241120
United States,https://en.wikipedia.org/wiki/United_States,2025-09-09 15:58:04.241120
Chromebook procurement scandal,https://en.wikipedia.org/wiki/Chromebook_procurement_scandal,2025-09-09 15:58:04.241120
Robodebt scheme,https://en.wikipedia.org/wiki/Robodebt_scheme,2025-09-09 15:58:04.241120
Australia,https://en.wikipedia.org/wiki/Australia,2025-09-09 15:58:04.241120
2025 Hollow Water First Nation stabbings,https://en.wikipedia.org/wiki/2025_Hollow_Water_First_Nation_stabbings,2025-09-09 15:58:04.241120
stabbing spree,https://en.wikipedia.org/wiki/Spree_killer,2025-09-09 15:58:04.241120
Hong Kong,https://en.wikipedia.org/wiki/Hong_Kong,2025-09-09 15:58:04.241120
Thai prime minister,https://en.wikipedia.org/wiki/Prime_Minister_of_Thailand,2025-09-09 15:58:04.241120
2025 Jamaican general election,https://en.wikipedia.org/wiki/2025_Jamaican_general_election,2025-09-09 15:58:04.241120
Jamaica,https://en.wikipedia.org/wiki/Jamaica,2025-09-09 15:58:04.241120
Censorship in Nepal,https://en.wikipedia.org/wiki/Censorship_in_Nepal,2025-09-09 15:58:04.241120
Argentina,https://en.wikipedia.org/wiki/Argentina,2025-09-09 15:58:04.241120
edit,https://en.wikipedia.orghttps://en.wikipedia.org/w/index.php?title=Portal:Current_events/2025_September_3&action=edit&editintro=Portal:Current_events/Edit_instructions,2025-09-09 15:58:04.248005
history,https://en.wikipedia.orghttps://en.wikipedia.org/w/index.php?title=Portal:Current_events/2025_September_3&action=history,2025-09-09 15:58:04.248005
watch,https://en.wikipedia.orghttps://en.wikipedia.org/w/index.php?title=Portal:Current_events/2025_September_3&action=watch,2025-09-09 15:58:04.248005
Middle Eastern crisis,https://en.wikipedia.org/wiki/Middle_Eastern_crisis_(2023-present),2025-09-09 15:58:04.248005
Houthis,https://en.wikipedia.org/wiki/Houthis,2025-09-09 15:58:04.248005
Nigeria,https://en.wikipedia.org/wiki/Nigeria,2025-09-09 15:58:04.248005
Mali War,https://en.wikipedia.org/wiki/Mali_War,2025-09-09 15:58:04.248005
Islamic State insurgency in Puntland,https://en.wikipedia.org/wiki/Islamic_State_insurgency_in_Puntland,2025-09-09 15:58:04.248005
Puntland counter-terrorism operations,https://en.wikipedia.org/wiki/Puntland_counter-terrorism_operations,2025-09-09 15:58:04.248005
Puntland forces,https://en.wikipedia.org/wiki/Puntland_Dervish_Force,2025-09-09 15:58:04.248005
Russia,https://en.wikipedia.org/wiki/Russia,2025-09-09 15:58:04.248005
Nazi,https://en.wikipedia.org/wiki/Nazi,2025-09-09 15:58:04.248005
2025 United States–India diplomatic and trade crisis,https://en.wikipedia.org/wiki/2025_United_States%E2%80%93India_diplomatic_and_trade_crisis,2025-09-09 15:58:04.248005
India,https://en.wikipedia.org/wiki/India,2025-09-09 15:58:04.248005
"2025 Punjab, India floods","https://en.wikipedia.org/wiki/2025_Punjab,_India_floods",2025-09-09 15:58:04.248005
flash floods,https://en.wikipedia.org/wiki/Flash_flood,2025-09-09 15:58:04.248005
Ascensor da Glória derailment,https://en.wikipedia.org/wiki/Ascensor_da_Gl%C3%B3ria_derailment,2025-09-09 15:58:04.248005
Ascensor da Glória,https://en.wikipedia.org/wiki/Ascensor_da_Gl%C3%B3ria,2025-09-09 15:58:04.248005
Algeria,https://en.wikipedia.org/wiki/Algeria,2025-09-09 15:58:04.248005
Hanwha Ocean,https://en.wikipedia.org/wiki/Hanwha_Ocean,2025-09-09 15:58:04.248005
EastIndo,https://en.wikipedia.org/wiki/EastIndo,2025-09-09 15:58:04.248005
2025 China Victory Day Parade,https://en.wikipedia.org/wiki/2025_China_Victory_Day_Parade,2025-09-09 15:58:04.248005
China,https://en.wikipedia.org/wiki/China,2025-09-09 15:58:04.248005
Czech Republic–Germany relations,https://en.wikipedia.org/wiki/Czech_Republic%E2%80%93Germany_relations,2025-09-09 15:58:04.248005
Odebrecht case,https://en.wikipedia.org/wiki/Odebrecht_case,2025-09-09 15:58:04.248005
Peruvian,https://en.wikipedia.org/wiki/Peru,2025-09-09 15:58:04.248005
mass stabbing,https://en.wikipedia.org/wiki/Mass_stabbing,2025-09-09 15:58:04.248005
Moroccan,https://en.wikipedia.org/wiki/Morocco,2025-09-09 15:58:04.248005
Jamaicans,https://en.wikipedia.org/wiki/Jamaicans,2025-09-09 15:58:04.248005
2025 Saint Helena general election,https://en.wikipedia.org/wiki/2025_Saint_Helena_general_election,2025-09-09 15:58:04.248005
Saint Helena,https://en.wikipedia.org/wiki/Saint_Helena,2025-09-09 15:58:04.248005
Pheu Thai Party,https://en.wikipedia.org/wiki/Pheu_Thai_Party,2025-09-09 15:58:04.248005
Composition of Mars,https://en.wikipedia.org/wiki/Composition_of_Mars,2025-09-09 15:58:04.248005
Mars,https://en.wikipedia.org/wiki/Mars,2025-09-09 15:58:04.248005
